Hub_Name,Latitude,Longitude,Estimated_MW,Water_Stress_Score,Daily_Water_Liters,Equivalent_Human_Lives
Chennai_DataCenter_0,14.791764578550271,79.91581707295977,71,4.057123676425956,1420000,10518
London_DataCenter_1,52.31311276258663,-0.18057912886690264,444,3.8317117700461405,8880000,65777
Chennai_DataCenter_2,12.506395404625414,80.48274412722054,488,4.530000472584767,9760000,72296
Mumbai_DataCenter_3,18.044900224019607,73.96395038509401,356,4.019718499785718,7120000,52740
London_DataCenter_4,51.48156682577737,-1.949366158300017,173,4.529732782118891,3460000,25629
Singapore_DataCenter_5,1.7494238168082914,104.38305008038253,111,2.255919096735177,2220000,16444
Singapore_DataCenter_6,2.4115551906366006,103.40365702139187,262,3.112724027286428,5240000,38814
London_DataCenter_7,49.80819067800763,1.0955795542545768,478,3.2467520586015572,9560000,70814
Virginia_DataCenter_8,38.0558689583551,-78.12527060707974,159,3.863296743609955,3180000,23555
Singapore_DataCenter_9,-0.4567858879634379,103.13519229281302,318,4.271447332339265,6360000,47111
Virginia_DataCenter_10,37.586379148299486,-79.352899162764,277,4.392383945999302,5540000,41037
Frankfurt_DataCenter_11,51.649100501207045,8.004332105359389,413,3.858974874303616,8260000,61185
Chennai_DataCenter_12,11.979910582715732,79.108950537327,489,2.542335527034144,9780000,72444
Singapore_DataCenter_13,0.6832574014667543,104.34908196228474,472,4.80813214890847,9440000,69925
Chennai_DataCenter_14,11.146385026684193,81.52410296472333,188,4.268424853465189,3760000,27851
Phoenix_DataCenter_15,31.87677643738899,-110.57653275405931,356,4.405457451948634,7120000,52740
Phoenix_DataCenter_16,34.51785326140183,-111.98284610009695,442,2.5889442168753662,8840000,65481
Frankfurt_DataCenter_17,48.91835573268933,7.418413273784421,239,3.2998846713641505,4780000,35407
Virginia_DataCenter_18,40.15886820573123,-77.40256896790484,416,4.104818291968057,8320000,61629
Dublin_DataCenter_19,54.820900576744215,-4.709424366183453,272,4.62474518861492,5440000,40296
Mumbai_DataCenter_20,17.35974520715342,73.50345011339544,121,3.5305261591103987,2420000,17925
Singapore_DataCenter_21,1.0491395395882268,102.43018799938018,470,4.76384164595675,9400000,69629
Dublin_DataCenter_22,53.81173882706271,-4.893950183763488,429,2.5223939405465883,8580000,63555
Dublin_DataCenter_23,53.87416954567267,-7.272362116761517,57,3.7640227174309175,1140000,8444
Virginia_DataCenter_24,40.70330681205893,-76.8760995374349,150,4.594891439300803,3000000,22222
Frankfurt_DataCenter_25,50.31702527639339,6.794185102113515,221,4.065830244194235,4420000,32740
Singapore_DataCenter_26,2.416437502380679,102.94934305272086,128,4.52286078204741,2560000,18962
Phoenix_DataCenter_27,33.573650416236646,-113.23155552565282,462,3.2432328920303624,9240000,68444
Phoenix_DataCenter_28,34.25198216931886,-110.97958802136833,354,3.1252464305204257,7080000,52444
Chennai_DataCenter_29,13.30245748554337,78.84978911146548,479,2.603580649065295,9580000,70962
Virginia_DataCenter_30,37.125333752643506,-78.9195684840896,367,4.714000281809554,7340000,54370
Tokyo_DataCenter_31,34.790165033877855,140.43961238441165,150,2.038876637142307,3000000,22222
Dublin_DataCenter_32,52.3950503134194,-5.820012140251864,132,2.067189759067937,2640000,19555
Phoenix_DataCenter_33,34.249285294773486,-111.1510095793672,433,2.294246646406571,8660000,64148
Chennai_DataCenter_34,14.937542635268283,79.84203496608237,183,4.984891587905648,3660000,27111
Virginia_DataCenter_35,40.2530033350181,-76.87716422713332,348,3.658718611529582,6960000,51555
Phoenix_DataCenter_36,31.915554728324658,-112.00787395455622,311,4.723829157610441,6220000,46074
Dublin_DataCenter_37,54.19388634682817,-6.4422621851488024,414,3.2692508629492463,8280000,61333
Chennai_DataCenter_38,13.666868136887693,80.34387670597704,346,2.929117984901046,6920000,51259
Tokyo_DataCenter_39,35.760899018882895,141.56668141801185,403,4.868483607824131,8060000,59703
Chennai_DataCenter_40,12.236187533755913,79.95798814432395,214,2.243581560623114,4280000,31703
Virginia_DataCenter_41,37.204999336952554,-78.11064331758091,130,4.164616834307511,2600000,19259
London_DataCenter_42,49.77571857722828,-0.18502144411609922,333,3.2684197450624968,6660000,49333
Phoenix_DataCenter_43,33.64459253680335,-111.96181238799403,188,4.230574726001603,3760000,27851
Chennai_DataCenter_44,12.355364868911021,82.16668169753547,174,2.6183013544497875,3480000,25777
Mumbai_DataCenter_45,19.787624365334217,73.18797797788,439,2.0158351286819767,8780000,65037
Phoenix_DataCenter_46,31.9083905368234,-111.0387619929635,362,2.1955924309511996,7240000,53629
Chennai_DataCenter_47,14.540529120190847,81.17213332795143,234,4.676614599990804,4680000,34666
Dublin_DataCenter_48,55.169061629212,-7.462683266563831,260,3.856174752130362,5200000,38518
Dublin_DataCenter_49,53.17088758828199,-4.888031040135254,56,3.530036804576817,1120000,8296
Chennai_DataCenter_50,14.624675685353202,81.74860411169497,171,4.139323586163217,3420000,25333
Frankfurt_DataCenter_51,48.220456272350326,7.147781117222458,194,4.806885148123768,3880000,28740
Singapore_DataCenter_52,2.5762195092659854,104.85338362949662,125,4.852223670456505,2500000,18518
Virginia_DataCenter_53,38.2819334228315,-78.38909691133281,133,3.4006952039294256,2660000,19703
Mumbai_DataCenter_54,20.191196523266427,74.23964745357073,53,4.433191630182332,1060000,7851
Tokyo_DataCenter_55,36.097479754099766,139.97585142783979,236,4.40680464874997,4720000,34962
Tokyo_DataCenter_56,35.05094799908279,138.60725291608958,384,3.4958649192449527,7680000,56888
Mumbai_DataCenter_57,17.78637753727446,72.86010209936757,246,3.161231459416599,4920000,36444
London_DataCenter_58,49.651320942699016,1.2769265830945908,494,2.451085662028803,9880000,73185
Phoenix_DataCenter_59,32.539282634901156,-113.38007582260492,342,2.5401866095562817,6840000,50666
Virginia_DataCenter_60,40.97454313344865,-79.44901937858305,85,3.893547761085504,1700000,12592
Singapore_DataCenter_61,3.3109622252480775,102.0266859166463,53,3.3814057871110297,1060000,7851
Virginia_DataCenter_62,38.45339256554614,-78.05998672358467,133,3.4507511521046497,2660000,19703
Virginia_DataCenter_63,38.72685509168332,-77.19825488257214,140,3.0808052421213605,2800000,20740
London_DataCenter_64,52.45677749737746,0.4571598481222049,434,2.1984322949666053,8680000,64296
Dublin_DataCenter_65,53.593307857534334,-6.841546544211791,453,2.4451741383693055,9060000,67111
Virginia_DataCenter_66,38.5391666446846,-78.6848507605988,157,4.384404713719828,3140000,23259
Virginia_DataCenter_67,40.405398979670366,-79.43440929555794,488,4.4486177841808265,9760000,72296
Mumbai_DataCenter_68,19.70387871826074,73.1353971510509,246,3.86834061861074,4920000,36444
Virginia_DataCenter_69,40.930869229443594,-78.12777068801145,219,3.381577497240802,4380000,32444
Singapore_DataCenter_70,2.0380487821205078,102.43479810548368,260,3.672648033226357,5200000,38518
Dublin_DataCenter_71,54.69998728946232,-7.105630365945208,255,3.8713893000902253,5100000,37777
Singapore_DataCenter_72,-0.4921800747193634,102.24969405637003,239,2.1712065637028055,4780000,35407
Tokyo_DataCenter_73,36.14098354985842,138.29646158636524,397,4.979700858667556,7940000,58814
Virginia_DataCenter_74,39.67699167638616,-76.1482350366778,498,4.477185559200517,9960000,73777
Tokyo_DataCenter_75,36.37830792831386,139.86912978886284,214,4.90364433130013,4280000,31703
Virginia_DataCenter_76,37.059597151407466,-77.01787387564133,94,3.35577526268392,1880000,13925
Chennai_DataCenter_77,11.913706244248317,79.01172423164155,396,3.40077745497695,7920000,58666
Virginia_DataCenter_78,38.54294504748641,-78.87165436696064,188,4.970819175001644,3760000,27851
London_DataCenter_79,50.94078632827941,1.1972741359778278,498,4.551644220978968,9960000,73777
Frankfurt_DataCenter_80,49.714970872163114,9.603596074911584,163,2.60457850219256,3260000,24148
Chennai_DataCenter_81,12.066210020648217,80.61945694048873,104,4.47491212901137,2080000,15407
Tokyo_DataCenter_82,35.73379698235524,139.01479710408748,158,4.327508580295256,3160000,23407
Chennai_DataCenter_83,11.273562832484233,79.51601409712394,373,2.587771953563941,7460000,55259
Singapore_DataCenter_84,2.2829169552886976,102.62885265881516,231,3.5903961252197862,4620000,34222
Tokyo_DataCenter_85,37.06666982699145,141.3918267386815,359,2.4680319497115693,7180000,53185
Frankfurt_DataCenter_86,49.69388147196334,8.225074865747185,141,2.662693821830356,2820000,20888
Virginia_DataCenter_87,38.7530602419463,-75.84784286727103,308,2.3215055957497746,6160000,45629
Phoenix_DataCenter_88,34.85163221733699,-110.45401065390932,60,4.8251718566873025,1200000,8888
Tokyo_DataCenter_89,34.55502961425294,139.76345810273946,75,4.645092417107399,1500000,11111
Chennai_DataCenter_90,11.437314319326946,81.7736079300913,366,3.587957661404076,7320000,54222
Chennai_DataCenter_91,11.996766568131562,78.51080962246161,240,4.414278463342243,4800000,35555
London_DataCenter_92,52.385524010997734,-1.8713713000838434,296,4.774670644070986,5920000,43851
Phoenix_DataCenter_93,32.61331686209726,-113.30652654747728,77,3.53279711598311,1540000,11407
Singapore_DataCenter_94,2.4125476256689273,102.82364205334069,272,4.298945792968841,5440000,40296
Tokyo_DataCenter_95,37.3995063258664,140.90985837530872,342,4.650891767441243,6840000,50666
Tokyo_DataCenter_96,34.67999131938488,139.30037033671778,89,2.694193746836906,1780000,13185
Virginia_DataCenter_97,37.3862885507415,-75.48437020610568,226,4.702857274323191,4520000,33481
Chennai_DataCenter_98,11.291641440862008,78.7686809491458,441,3.227237829080062,8820000,65333
Tokyo_DataCenter_99,34.49343650626252,140.53154398311446,101,3.3196822135765514,2020000,14962
London_DataCenter_100,52.83474863146931,-1.8903071504650293,368,4.254354301968089,7360000,54518
Singapore_DataCenter_101,1.6197652425547329,104.01201453898359,113,2.9772317787573925,2260000,16740
Frankfurt_DataCenter_102,51.59163523771839,6.961406167444091,343,4.144345438489504,6860000,50814
Virginia_DataCenter_103,40.42255461777303,-77.25024398868513,308,2.060813245175319,6160000,45629
Tokyo_DataCenter_104,36.760717522038014,140.74890283184317,433,2.7954845694380346,8660000,64148
Frankfurt_DataCenter_105,51.078576293742806,8.128538306432423,273,3.816633788703226,5460000,40444
Frankfurt_DataCenter_106,50.18091868678726,6.957557415298334,296,3.2392667396934076,5920000,43851
Mumbai_DataCenter_107,17.564368187472027,74.40162155779022,399,4.908518652925141,7980000,59111
Virginia_DataCenter_108,39.75548182633273,-78.36059640183316,474,3.563220100759403,9480000,70222
Dublin_DataCenter_109,52.000898063276594,-7.864660922546932,162,4.198318431047642,3240000,24000
Dublin_DataCenter_110,54.39570810209098,-5.876470119363162,183,3.2257328379842334,3660000,27111
Tokyo_DataCenter_111,33.94258871976803,140.46823391940606,70,3.579184863621215,1400000,10370
Tokyo_DataCenter_112,34.79395470470885,140.85795118138844,453,3.3647036296423547,9060000,67111
Phoenix_DataCenter_113,33.452174642780754,-113.96971029013758,295,3.9125278984173963,5900000,43703
Mumbai_DataCenter_114,20.305232724027434,71.447249831432,477,4.824837835267276,9540000,70666
Tokyo_DataCenter_115,34.96279985806787,140.29744584574277,477,4.412793017297398,9540000,70666
Chennai_DataCenter_116,14.469732024005545,78.95322742412345,222,4.210861157265596,4440000,32888
Chennai_DataCenter_117,13.159439581643296,81.74854083399099,248,4.755990188097026,4960000,36740
Chennai_DataCenter_118,11.861741951864534,79.36610318860173,434,4.857939255109253,8680000,64296
Tokyo_DataCenter_119,35.99300895947315,138.05112406090151,410,3.1489629736469507,8200000,60740
Tokyo_DataCenter_120,36.42690558512894,141.37622734772455,366,3.2491064994729957,7320000,54222
Phoenix_DataCenter_121,31.44190266627681,-110.58773174194275,461,4.5259251285829425,9220000,68296
Dublin_DataCenter_122,52.15030451116929,-8.07321142287668,139,2.5136768585432776,2780000,20592
London_DataCenter_123,53.301805687399806,-2.024560702071494,319,4.433059315823101,6380000,47259
Chennai_DataCenter_124,12.151442865152768,80.03695762708439,266,4.382590249965482,5320000,39407
Dublin_DataCenter_125,52.570677582293555,-5.649266778523042,383,2.3890250392869583,7660000,56740
Phoenix_DataCenter_126,35.226109897372474,-112.05626268269866,404,3.4567177054491545,8080000,59851
Tokyo_DataCenter_127,36.26857898410885,140.13237199252174,249,2.2736034204437527,4980000,36888
Mumbai_DataCenter_128,19.533196351144674,71.59567090583894,273,4.252634121887077,5460000,40444
London_DataCenter_129,52.74373126020344,-0.645493949145361,82,4.1401040497294535,1640000,12148
Tokyo_DataCenter_130,34.86249758633366,139.36838333030113,496,4.42710104986611,9920000,73481
Phoenix_DataCenter_131,34.87434125598539,-112.61339410980327,321,3.5486874435774856,6420000,47555
Phoenix_DataCenter_132,35.00685654354476,-110.42511811164799,127,2.5125495291485684,2540000,18814
Frankfurt_DataCenter_133,49.6120018570924,8.204651951223642,381,3.846866016298004,7620000,56444
Mumbai_DataCenter_134,18.45444412188003,73.58125009940383,347,2.6059017706669145,6940000,51407
Virginia_DataCenter_135,40.470401885899825,-77.28468960679332,422,4.027551779889828,8440000,62518
Frankfurt_DataCenter_136,50.33961011409041,9.154040329221756,125,2.18853768216678,2500000,18518
Tokyo_DataCenter_137,35.33208745251103,139.80490514498072,453,3.666863807716163,9060000,67111
Virginia_DataCenter_138,38.64438760800144,-79.13187516619723,72,3.998055141527896,1440000,10666
Frankfurt_DataCenter_139,49.20167615439954,8.968219736866565,57,2.0217930035177316,1140000,8444
Frankfurt_DataCenter_140,48.22758063770799,8.209445852154447,275,2.5065641039626145,5500000,40740
Tokyo_DataCenter_141,34.57986674404144,139.19692768469528,486,2.8407463255217573,9720000,72000
Singapore_DataCenter_142,0.3156799018212624,104.70231166933408,248,2.091945524858868,4960000,36740
London_DataCenter_143,51.14022443492439,-0.563107086070182,464,2.411595197752541,9280000,68740
Dublin_DataCenter_144,52.11289805600576,-7.512618145949226,134,2.216812745540889,2680000,19851
Virginia_DataCenter_145,40.20654768612204,-77.7845987585145,134,2.3193592439747786,2680000,19851
Chennai_DataCenter_146,14.762845099425293,80.62274680301698,193,4.446496373284191,3860000,28592
Phoenix_DataCenter_147,35.05662152854593,-112.58942009681009,117,2.4024422041495486,2340000,17333
Dublin_DataCenter_148,54.60161344000877,-7.390458413674567,194,4.607830300311607,3880000,28740
Mumbai_DataCenter_149,20.92120919045862,71.54414975031762,457,2.959756592847396,9140000,67703
Dublin_DataCenter_150,51.675838940488056,-5.873966080299252,445,3.459044377556745,8900000,65925
Singapore_DataCenter_151,2.2099820564107424,105.54248237877479,183,4.799627860896253,3660000,27111
Frankfurt_DataCenter_152,50.45727117357242,7.886025878087608,422,2.54703484143151,8440000,62518
Chennai_DataCenter_153,11.671844548329837,78.60686361300526,329,3.4654792788326994,6580000,48740
Chennai_DataCenter_154,14.125602737943408,78.59160235723256,299,3.2479400225171275,5980000,44296
Frankfurt_DataCenter_155,50.07554653412942,6.866835215076911,398,3.6937079071425685,7960000,58962
Chennai_DataCenter_156,14.877549284514975,79.41417400743765,137,3.524122712907002,2740000,20296
Mumbai_DataCenter_157,19.223456273964374,70.88670279254336,223,2.3197798074321185,4460000,33037
Mumbai_DataCenter_158,20.174089760019857,71.416666478185,175,2.153371650878687,3500000,25925
Tokyo_DataCenter_159,35.07672340128416,137.92288895717243,431,4.07993328910384,8620000,63851
Frankfurt_DataCenter_160,49.09642623404896,7.502806065057153,73,3.3645930123169903,1460000,10814
Mumbai_DataCenter_161,20.045718407122607,72.07884531033322,134,2.383427648559799,2680000,19851
Tokyo_DataCenter_162,36.81787184577522,139.9468135782276,179,2.042602012378236,3580000,26518
Singapore_DataCenter_163,0.9022485104000579,105.25670082609398,228,4.154717428559891,4560000,33777
Chennai_DataCenter_164,11.483837060542488,81.22015143161812,195,2.1771940375557826,3900000,28888
Frankfurt_DataCenter_165,48.27732595464288,9.940105325936857,381,3.7354468071762734,7620000,56444
Singapore_DataCenter_166,0.8672838605022202,105.40142383313066,241,2.3022036828631203,4820000,35703
Singapore_DataCenter_167,0.052669692014367886,105.02748669353647,417,3.928960343520515,8340000,61777
Virginia_DataCenter_168,40.37371927341046,-75.79439799875865,443,3.3186967477043576,8860000,65629
Virginia_DataCenter_169,40.13240940182725,-77.58230300786741,94,3.262721553155007,1880000,13925
London_DataCenter_170,52.33587810553991,-0.5449789453120445,275,4.786777408012061,5500000,40740
London_DataCenter_171,53.02706622107447,-0.8365426477103449,424,3.155902200033365,8480000,62814
Dublin_DataCenter_172,51.42794193707438,-7.05020969078995,437,3.366231759900275,8740000,64740
Mumbai_DataCenter_173,19.16861425527592,74.2772718957815,363,4.017187733676495,7260000,53777
Chennai_DataCenter_174,14.109041825442873,80.59440093419532,464,2.6325664361111185,9280000,68740
London_DataCenter_175,51.118681954787974,0.31574468246418574,137,4.946433857937037,2740000,20296
Virginia_DataCenter_176,39.48536338050415,-76.50251195853636,473,2.9400015598356406,9460000,70074
Phoenix_DataCenter_177,34.77374708518108,-110.66575159293494,286,4.373823746460428,5720000,42370
Dublin_DataCenter_178,51.88798612311045,-6.518164176840996,297,3.4363735004252307,5940000,44000
Singapore_DataCenter_179,2.276373991753194,104.64245845744261,128,4.440633422056913,2560000,18962
Mumbai_DataCenter_180,19.78014241193039,73.92497373393343,250,4.9984924047943915,5000000,37037
Mumbai_DataCenter_181,19.1226593690447,72.8909550549677,402,3.468661374660114,8040000,59555
Chennai_DataCenter_182,11.984288448286275,79.93227166360558,350,2.5012244379953867,7000000,51851
Tokyo_DataCenter_183,37.35079628119799,140.8091895847473,79,2.508457372630511,1580000,11703
Chennai_DataCenter_184,12.462057457475279,80.56924523071311,435,4.956098743753399,8700000,64444
Dublin_DataCenter_185,54.779611401064116,-4.871613922637993,406,3.9567749981426767,8120000,60148
Dublin_DataCenter_186,51.91698891311027,-5.433986972315501,368,4.398207209673691,7360000,54518
Singapore_DataCenter_187,1.017908324489373,103.07313342278745,301,2.0455253875532895,6020000,44592
Virginia_DataCenter_188,40.64814295181693,-78.50567284410512,153,2.668194288136814,3060000,22666
Mumbai_DataCenter_189,19.00591790644414,72.16168928709266,314,2.486091251687225,6280000,46518
Singapore_DataCenter_190,2.5985547589001015,104.4619089228788,340,2.614611502424945,6800000,50370
Tokyo_DataCenter_191,35.61332718041894,140.67645888730317,274,3.603085249299056,5480000,40592
Virginia_DataCenter_192,40.49808009749,-78.56976787479431,412,4.949679736639432,8240000,61037
Phoenix_DataCenter_193,32.54976899679208,-113.90282498382022,99,3.4717159435104454,1980000,14666
Frankfurt_DataCenter_194,49.657988790671645,7.235124964358263,244,3.6789481104819135,4880000,36148
Tokyo_DataCenter_195,35.72977861889163,137.89071813288297,462,3.4519236197987273,9240000,68444
Dublin_DataCenter_196,53.37686134793645,-7.7706669011047875,474,4.951078083319301,9480000,70222
Chennai_DataCenter_197,14.939097156625513,79.45621007235869,493,2.0809527852195018,9860000,73037
Tokyo_DataCenter_198,37.60358955215621,138.71447311814316,253,4.000719379595878,5060000,37481
Dublin_DataCenter_199,54.0887776673566,-4.657144115022114,418,3.7868272317454093,8360000,61925
Chennai_DataCenter_200,14.11237091695244,78.43072008469592,478,4.848743211422662,9560000,70814
London_DataCenter_201,50.08639912411521,-1.5814107131561483,399,4.565985593883543,7980000,59111
Dublin_DataCenter_202,52.0187156590714,-7.696143389894225,454,2.4277393786510904,9080000,67259
Tokyo_DataCenter_203,34.43430072157197,140.9852694565632,416,3.0599014121022696,8320000,61629
Frankfurt_DataCenter_204,48.741250697918204,9.23790318612274,223,2.612541746125216,4460000,33037
Frankfurt_DataCenter_205,48.60472995263905,7.6487631011713795,410,3.33046514158484,8200000,60740
London_DataCenter_206,49.799661379657614,1.3827168645375307,122,3.9854649482768743,2440000,18074
Phoenix_DataCenter_207,32.06264720745686,-113.57983275523101,165,3.7969477941486685,3300000,24444
Mumbai_DataCenter_208,19.550645181537007,73.08477293266282,128,4.634240369291781,2560000,18962
Phoenix_DataCenter_209,33.870910239349115,-111.49483487718838,177,2.7304023445093906,3540000,26222
London_DataCenter_210,50.89358345879984,1.6349838803522365,61,3.769490241604175,1220000,9037
Mumbai_DataCenter_211,17.56093046775656,71.89405858334477,192,4.81141448821279,3840000,28444
Phoenix_DataCenter_212,34.09885675545427,-111.76264884868802,95,4.6268082357627005,1900000,14074
London_DataCenter_213,49.93546563649395,-1.462218939621561,358,2.777436915483907,7160000,53037
Phoenix_DataCenter_214,31.806778693051687,-113.10635752793645,235,2.4533365635797137,4700000,34814
Mumbai_DataCenter_215,17.361178727220942,73.83351288304249,266,2.2950718918369337,5320000,39407
Singapore_DataCenter_216,1.3361309845345062,102.0816768200381,276,2.4835282781812094,5520000,40888
Phoenix_DataCenter_217,33.058012537886725,-113.86803529716754,156,4.156228544646336,3120000,23111
Tokyo_DataCenter_218,34.64453680899504,140.35591169915048,427,4.836111308404108,8540000,63259
London_DataCenter_219,51.903565206037065,1.038646752228357,249,2.8096776275954105,4980000,36888
Dublin_DataCenter_220,51.77697145940851,-6.119893996744877,265,4.377034435886156,5300000,39259
Frankfurt_DataCenter_221,49.37441423491691,8.535069247185483,287,3.803841348882355,5740000,42518
Tokyo_DataCenter_222,37.260067970175015,141.27359003803295,73,4.63016929395703,1460000,10814
Tokyo_DataCenter_223,37.121100817448855,140.5563317217772,308,2.875754615566109,6160000,45629
Chennai_DataCenter_224,12.46408791779325,81.51188990093793,281,4.819290068891146,5620000,41629
Virginia_DataCenter_225,37.48385526884742,-76.62219113238368,124,4.044648287997253,2480000,18370
Chennai_DataCenter_226,14.520449831926994,80.36939497290066,262,3.0666566257806815,5240000,38814
Tokyo_DataCenter_227,36.5919847983507,141.22398157365933,62,2.019576907220709,1240000,9185
Chennai_DataCenter_228,12.403035869602384,78.81613392050284,453,2.199862377225188,9060000,67111
Dublin_DataCenter_229,54.32513795953624,-6.3531557833551675,98,2.0581872963318775,1960000,14518
Dublin_DataCenter_230,51.91328500278247,-5.687111373325223,472,3.7878612652389445,9440000,69925
Dublin_DataCenter_231,52.51081012574313,-7.835469092136365,363,3.4528200439576078,7260000,53777
London_DataCenter_232,52.34195034102314,0.6873160233462371,310,2.6666918861246267,6200000,45925
Dublin_DataCenter_233,54.24345692373103,-6.8449569021230126,267,2.2052174396137856,5340000,39555
Dublin_DataCenter_234,51.537161138372184,-8.131859947672806,273,4.441340648621982,5460000,40444
Dublin_DataCenter_235,52.492614609129475,-4.761929481022753,218,2.759564131212789,4360000,32296
Frankfurt_DataCenter_236,51.75510562817929,9.735480685502585,149,3.4424892206828623,2980000,22074
Dublin_DataCenter_237,54.80853277559929,-7.48825466874987,490,4.96530331205036,9800000,72592
Tokyo_DataCenter_238,33.99195050342554,139.9308364701586,170,2.2499648941999926,3400000,25185
Tokyo_DataCenter_239,34.61938808921729,140.06497791422134,204,3.393105458565633,4080000,30222
Tokyo_DataCenter_240,37.11081048814716,138.6508015023421,489,4.90372475308069,9780000,72444
Chennai_DataCenter_241,14.044852761532356,78.53803073458751,100,2.77790903880158,2000000,14814
Mumbai_DataCenter_242,18.479161670924153,74.65848464508011,264,3.744287642969108,5280000,39111
Chennai_DataCenter_243,12.966997511847449,78.96723726835991,278,2.742992451665683,5560000,41185
Tokyo_DataCenter_244,34.62138829172292,138.24035449460675,471,4.189988748680959,9420000,69777
Frankfurt_DataCenter_245,48.984002101887626,10.188892929753518,163,4.93264738342063,3260000,24148
Phoenix_DataCenter_246,31.800908668176742,-113.19465301264248,133,4.6322143105594975,2660000,19703
Frankfurt_DataCenter_247,51.642735197561414,7.634533887640355,411,3.778672733791442,8220000,60888
Phoenix_DataCenter_248,33.54276756253717,-113.14696759760506,97,3.491868367863317,1940000,14370
Mumbai_DataCenter_249,20.752640213478344,73.52393306169944,239,2.6003047674560005,4780000,35407
Virginia_DataCenter_250,38.333491419921444,-78.11575059162185,344,4.046431289675337,6880000,50962
Singapore_DataCenter_251,2.597525604271408,103.37693884800179,144,3.3776248874634507,2880000,21333
Phoenix_DataCenter_252,33.59388711591308,-113.54853256048584,158,4.544728452014065,3160000,23407
Dublin_DataCenter_253,52.031970865493136,-6.359241187055291,102,3.412991888458218,2040000,15111
Tokyo_DataCenter_254,36.86030958642219,139.40494965728104,335,3.1892203282505407,6700000,49629
Singapore_DataCenter_255,0.6374439128604994,102.40549486207345,496,3.571727334588678,9920000,73481
Chennai_DataCenter_256,14.99334807697385,80.42180276512542,414,3.087702709128268,8280000,61333
Phoenix_DataCenter_257,33.80147898742531,-112.51778714443644,385,4.1852558515636575,7700000,57037
Tokyo_DataCenter_258,36.94274640642085,139.56324966826512,121,2.7133092903012406,2420000,17925
Mumbai_DataCenter_259,19.700604031609927,73.49478497262062,232,2.2693065934303758,4640000,34370
Frankfurt_DataCenter_260,49.17670727744019,6.726976952271631,393,3.2588850115353436,7860000,58222
Singapore_DataCenter_261,-0.4780792829319762,103.10809850705564,246,4.633820346084115,4920000,36444
Mumbai_DataCenter_262,19.33952286679662,74.535547351947,81,4.797722961317084,1620000,12000
London_DataCenter_263,53.35386899936481,-1.4777974573111123,130,4.089290877386849,2600000,19259
Virginia_DataCenter_264,40.60465806852573,-76.35245428828904,220,4.954185664144781,4400000,32592
Frankfurt_DataCenter_265,49.8143385933669,10.607746362534924,322,4.8168792729750844,6440000,47703
Chennai_DataCenter_266,14.6307635944065,78.49600532141001,63,2.831226373171491,1260000,9333
London_DataCenter_267,53.06162932241712,1.5899847640114495,350,2.8174559488293056,7000000,51851
Dublin_DataCenter_268,51.98517957172677,-5.988311138505582,337,3.3960923358659847,6740000,49925
London_DataCenter_269,50.781932236727066,-2.0965980826749298,472,3.8170621387123767,9440000,69925
London_DataCenter_270,52.656089197139394,-0.00940642030744454,414,2.176579779316593,8280000,61333
Tokyo_DataCenter_271,33.74632162047509,137.9942576804155,230,2.3185849826094005,4600000,34074
Singapore_DataCenter_272,1.5144423754174885,104.71516371757187,351,4.901450733516585,7020000,52000
Phoenix_DataCenter_273,35.243041885090214,-111.86259580251851,200,4.594068346548981,4000000,29629
Singapore_DataCenter_274,0.5127897409205269,105.16939596086925,81,3.325606194526452,1620000,12000
Mumbai_DataCenter_275,18.321220412004973,72.29405810704377,180,2.558519239824178,3600000,26666
London_DataCenter_276,50.611427840190025,0.19186315226165818,55,3.6376993408946023,1100000,8148
Chennai_DataCenter_277,11.367017542997111,79.96250976614697,315,3.5908631005560014,6300000,46666
Chennai_DataCenter_278,13.052621397149696,82.07029130437856,86,3.879309384227316,1720000,12740
Phoenix_DataCenter_279,31.81577652048001,-113.6097540950552,486,3.031769240739571,9720000,72000
London_DataCenter_280,50.977745408481944,0.011988407841260096,395,2.905171336552081,7900000,58518
Tokyo_DataCenter_281,37.420867054742814,139.99153374375277,116,3.2701415554619464,2320000,17185
Phoenix_DataCenter_282,32.94307423262516,-113.1057728444934,311,4.789364441130148,6220000,46074
Phoenix_DataCenter_283,33.205106670560696,-113.29936993154122,95,3.5271518811845617,1900000,14074
Mumbai_DataCenter_284,20.027477893542862,73.4811575464378,297,3.8649032549984232,5940000,44000
Tokyo_DataCenter_285,34.88132255009732,141.49157642910575,265,4.4976531102939425,5300000,39259
Chennai_DataCenter_286,12.824246925783498,82.10940562614437,294,2.22385994359821,5880000,43555
Singapore_DataCenter_287,1.2394781991435808,103.41261985609562,411,3.1348541974854487,8220000,60888
Virginia_DataCenter_288,37.680769002204975,-77.5603900778105,238,3.9890868049056594,4760000,35259
Virginia_DataCenter_289,37.265271794847216,-75.63846960722972,63,3.1046351651899684,1260000,9333
Frankfurt_DataCenter_290,50.28359609331083,8.195593299677252,121,2.6861379187818146,2420000,17925
Tokyo_DataCenter_291,34.97271503998834,139.04051248286075,209,3.3746325363877867,4180000,30962
Phoenix_DataCenter_292,33.33803124984519,-112.01854168679246,383,4.512767287881619,7660000,56740
Phoenix_DataCenter_293,34.80693806652066,-112.55627888809485,430,4.780629161684422,8600000,63703
Mumbai_DataCenter_294,18.9823593492293,71.70313376176816,433,3.6727155087235634,8660000,64148
Virginia_DataCenter_295,39.406162027809934,-75.8926335818665,229,3.377643217885899,4580000,33925
Singapore_DataCenter_296,1.930467653711334,104.27477800682504,143,2.962714884421916,2860000,21185
Frankfurt_DataCenter_297,49.86170930130694,7.333153393963123,167,4.282152104886335,3340000,24740
Mumbai_DataCenter_298,18.5568448383346,72.29584518158043,185,2.401001690885054,3700000,27407
London_DataCenter_299,52.70568307168558,0.15687327758233283,203,4.956921237658863,4060000,30074
Chennai_DataCenter_300,14.73513697256395,78.92312146901723,59,4.493141827588536,1180000,8740
Phoenix_DataCenter_301,34.21353238342735,-114.0615402466596,350,3.840008731695754,7000000,51851
London_DataCenter_302,52.132133137456,1.4825031938573994,328,3.4496291711397995,6560000,48592
London_DataCenter_303,50.78824784503919,-1.6104041238712625,460,3.3260758341880345,9200000,68148
Virginia_DataCenter_304,38.23019297540127,-78.43991429350714,163,3.712620043992594,3260000,24148
Chennai_DataCenter_305,14.845083167528465,78.52344084016958,422,4.32323695347165,8440000,62518
London_DataCenter_306,52.622690002332895,-1.108792073437435,228,2.053384369661134,4560000,33777
Tokyo_DataCenter_307,36.47916212299988,141.20385663040074,141,2.448627869464771,2820000,20888
Virginia_DataCenter_308,39.186113135898744,-76.4395298888069,418,3.652157821331084,8360000,61925
Mumbai_DataCenter_309,18.315674294235894,73.05222299131168,389,3.7782058754190033,7780000,57629
Phoenix_DataCenter_310,35.192191912538476,-112.38531576237901,95,4.61020861138401,1900000,14074
London_DataCenter_311,49.81358707112673,-1.7472492809511646,178,2.553862562713997,3560000,26370
Mumbai_DataCenter_312,19.230584254490847,74.32113581806775,380,3.41458182209389,7600000,56296
Tokyo_DataCenter_313,36.51916987275348,140.33085424320484,138,2.1267866792190513,2760000,20444
Frankfurt_DataCenter_314,51.606067236294976,9.815436189486904,184,2.614518959827163,3680000,27259
Singapore_DataCenter_315,2.483907443906616,104.83349392351437,156,4.702923551387924,3120000,23111
Virginia_DataCenter_316,37.67744386980549,-78.08786870337404,387,2.162877590728343,7740000,57333
Mumbai_DataCenter_317,18.5328355247677,74.56613367884678,111,2.292632970298494,2220000,16444
Singapore_DataCenter_318,2.3117670687071272,103.2337818417416,331,4.794760852562767,6620000,49037
Mumbai_DataCenter_319,18.45153996939795,70.94341319956435,274,2.380986628171156,5480000,40592
Singapore_DataCenter_320,2.970048037545501,103.29446945846414,150,2.348040638636202,3000000,22222
Mumbai_DataCenter_321,17.32552412044342,72.19062336487565,259,2.2170466142182232,5180000,38370
Dublin_DataCenter_322,53.65352622300897,-8.098542373262543,307,2.536013888584433,6140000,45481
Chennai_DataCenter_323,11.459852506571849,79.17040469709539,364,3.1880720323786997,7280000,53925
Phoenix_DataCenter_324,35.37383207458639,-112.60589009667184,227,3.7197296305159764,4540000,33629
Singapore_DataCenter_325,-0.05770857049909495,101.9358279204922,323,3.062597987791709,6460000,47851
Frankfurt_DataCenter_326,48.436022168677205,8.746893357745968,243,4.049923077642298,4860000,36000
Frankfurt_DataCenter_327,51.392279250428,7.341522047457893,383,3.685038509291734,7660000,56740
Singapore_DataCenter_328,0.6661856261096886,105.79455932173464,189,3.2935194320515424,3780000,28000
Phoenix_DataCenter_329,33.699118324984696,-111.63269022529536,262,4.05206940422133,5240000,38814
Virginia_DataCenter_330,39.73511564699997,-78.1059252400043,358,2.2536449593909733,7160000,53037
Chennai_DataCenter_331,12.235068252427412,80.61058267238823,483,2.664793305657189,9660000,71555
Phoenix_DataCenter_332,31.70769172706432,-111.81854443914759,379,4.672623342213063,7580000,56148
Phoenix_DataCenter_333,33.66151728223161,-110.26566084159948,406,3.8830006859722817,8120000,60148
London_DataCenter_334,51.695207480607124,1.7040511697128489,186,2.489522010327527,3720000,27555
Tokyo_DataCenter_335,33.79789383490298,139.6639415675939,224,2.9647213146788385,4480000,33185
Phoenix_DataCenter_336,33.82552441888711,-113.010423173787,246,2.6975111834565286,4920000,36444
Tokyo_DataCenter_337,34.359173288383104,140.0852416116035,93,2.697409482751357,1860000,13777
London_DataCenter_338,52.01246448460205,-0.11091106601404543,495,3.917973748236226,9900000,73333
Dublin_DataCenter_339,55.01275038357738,-8.230336451970214,163,4.686809471934495,3260000,24148
Chennai_DataCenter_340,14.25732358963566,79.2243443768943,329,4.272272931045035,6580000,48740
Phoenix_DataCenter_341,35.03264598717714,-110.95249342725548,88,3.493689160850095,1760000,13037
Dublin_DataCenter_342,54.593799863809025,-6.256508255330269,460,2.6535766783795953,9200000,68148
London_DataCenter_343,53.17617716218509,0.8261102549942684,319,4.145214463445328,6380000,47259
Singapore_DataCenter_344,1.8962752564889378,102.07007600715265,347,4.641694687429087,6940000,51407
Phoenix_DataCenter_345,35.10498773846412,-111.67838518496251,150,4.034196157827689,3000000,22222
Virginia_DataCenter_346,37.17072294759748,-75.82927272193344,203,2.4827077322190902,4060000,30074
Virginia_DataCenter_347,40.46126187579716,-78.00632724899829,480,3.1591884740534475,9600000,71111
Tokyo_DataCenter_348,37.06617020260061,138.86405133404185,462,3.35326237839677,9240000,68444
Virginia_DataCenter_349,37.185804564507166,-76.15543984535901,447,3.1125518926676876,8940000,66222
London_DataCenter_350,50.51213934283698,-2.059770404976216,346,2.9389229212625287,6920000,51259
Chennai_DataCenter_351,14.541043528809336,80.57387732201937,243,4.330419693032342,4860000,36000
London_DataCenter_352,51.028675268979754,0.5423761138977029,361,4.064204814661508,7220000,53481
Chennai_DataCenter_353,13.399614897797976,78.4772849508193,131,3.802217461416101,2620000,19407
Mumbai_DataCenter_354,19.820014870823968,74.68289247249943,240,2.987557898889437,4800000,35555
Tokyo_DataCenter_355,35.09875881464313,139.35547599352304,60,4.0690842455621095,1200000,8888
Chennai_DataCenter_356,14.44750812950468,78.44883681209954,238,2.7255899455907517,4760000,35259
Frankfurt_DataCenter_357,51.10346493719859,8.879276870804183,189,2.308465417196501,3780000,28000
Frankfurt_DataCenter_358,49.37390933234498,7.875325083210932,353,2.198672741062393,7060000,52296
Mumbai_DataCenter_359,19.4954696314235,71.5645247670751,463,2.7323060122321814,9260000,68592
London_DataCenter_360,49.621261205474035,0.06506794551566275,400,2.351562107060165,8000000,59259
Phoenix_DataCenter_361,32.438092317858036,-111.77849634327924,315,3.5635987591753335,6300000,46666
Singapore_DataCenter_362,0.10885013336723093,104.97289264179916,126,2.6547158644720317,2520000,18666
Singapore_DataCenter_363,-0.13860965456018315,104.38502534463613,304,2.474759921815826,6080000,45037
Virginia_DataCenter_364,38.14520490038499,-78.50815839034772,111,2.0928461527663305,2220000,16444
Mumbai_DataCenter_365,17.40617318482814,73.05969260353446,237,2.771266615863633,4740000,35111
Virginia_DataCenter_366,37.65348038870095,-77.57839117270308,429,4.17149473513495,8580000,63555
Mumbai_DataCenter_367,19.99955506599947,71.54498426711268,124,4.553883342887509,2480000,18370
Mumbai_DataCenter_368,18.76008192806519,72.52524327360776,344,3.261020412630427,6880000,50962
Virginia_DataCenter_369,39.124537207139994,-76.02441943325599,258,2.7583333291524545,5160000,38222
Singapore_DataCenter_370,-0.0443646453615818,105.27265383143772,372,3.3524023924760527,7440000,55111
London_DataCenter_371,52.237280347337816,1.468810656550287,206,3.2162626868287507,4120000,30518
Mumbai_DataCenter_372,17.750747901502024,72.71685280238137,180,4.726282139728772,3600000,26666
Phoenix_DataCenter_373,33.27563078917227,-110.08072490998167,468,4.498821641124907,9360000,69333
Mumbai_DataCenter_374,17.706340224242744,71.35797558792491,462,4.9648261467524115,9240000,68444
Singapore_DataCenter_375,1.0347453200400412,104.30234769640765,112,3.3442975422919012,2240000,16592
Chennai_DataCenter_376,12.624883895601025,80.26794965376754,178,3.457547689501271,3560000,26370
Chennai_DataCenter_377,14.237273910083,80.84950608739499,236,4.190538672347692,4720000,34962
Virginia_DataCenter_378,38.40660284471913,-79.38207259447529,315,4.566868908547022,6300000,46666
Mumbai_DataCenter_379,18.201112573661298,72.09031288955077,424,3.4965559875278376,8480000,62814
Mumbai_DataCenter_380,19.565397924390663,72.17494667570587,344,3.4082598861402174,6880000,50962
Tokyo_DataCenter_381,34.99137366320123,139.60232216220774,225,3.389823422431161,4500000,33333
Tokyo_DataCenter_382,37.29399918818481,140.04407427005717,112,4.550872156143869,2240000,16592
Tokyo_DataCenter_383,33.86730844189714,139.97317121713385,130,4.496892092438809,2600000,19259
Tokyo_DataCenter_384,36.53466705540403,139.23461127787016,150,2.066334863795513,3000000,22222
Tokyo_DataCenter_385,36.42598674185274,140.49533357109178,464,4.753959122254814,9280000,68740
Singapore_DataCenter_386,-0.25051035329826243,102.36160812162414,113,3.835776727326904,2260000,16740
Mumbai_DataCenter_387,17.43853781081389,73.69647782566426,259,2.068919903735884,5180000,38370
Dublin_DataCenter_388,52.862242828097415,-4.794365628988579,62,3.48422804725175,1240000,9185
Singapore_DataCenter_389,1.645325890751681,104.94063791964393,231,4.952610647400586,4620000,34222
Chennai_DataCenter_390,11.12495452468882,80.60275569648235,305,2.0252468455245944,6100000,45185
Chennai_DataCenter_391,11.663696047302533,81.75029042670991,427,2.1393781918749584,8540000,63259
Chennai_DataCenter_392,11.107024602706913,78.59682342976492,81,2.259884636108421,1620000,12000
Frankfurt_DataCenter_393,48.23053265343262,7.2259513460889355,99,2.7677927058806895,1980000,14666
Dublin_DataCenter_394,54.27285992201422,-5.0508294249782555,324,4.041305799646437,6480000,48000
Phoenix_DataCenter_395,32.16822496675158,-110.30249742357087,434,2.7994319215469496,8680000,64296
Frankfurt_DataCenter_396,51.021087699134135,8.559856306226866,328,4.842524174403215,6560000,48592
London_DataCenter_397,52.026097079195594,0.19693785745691106,252,3.204301203672799,5040000,37333
Singapore_DataCenter_398,2.1715021469509965,103.92600983213899,293,2.855931364545397,5860000,43407
London_DataCenter_399,51.50550411892857,-1.1301619257551887,367,3.298372812172756,7340000,54370
London_DataCenter_400,51.86604096263241,-0.3096310926961111,77,3.81830589352512,1540000,11407
Dublin_DataCenter_401,54.86866583887504,-7.1234221890501175,293,2.3429632274944536,5860000,43407
Phoenix_DataCenter_402,31.78205244364024,-113.9807682589319,204,2.743969003740704,4080000,30222
Mumbai_DataCenter_403,18.537588598111086,73.09719583264216,488,2.354753266289862,9760000,72296
Dublin_DataCenter_404,54.253709594527216,-5.140954836004475,444,2.8400776892029107,8880000,65777
Chennai_DataCenter_405,13.287137006926939,79.56322893995545,231,2.6483914156221484,4620000,34222
Frankfurt_DataCenter_406,51.68103788570863,10.403278059357769,352,2.2808893953760694,7040000,52148
Virginia_DataCenter_407,37.637722571853985,-76.29420684571481,373,4.576005535141088,7460000,55259
Tokyo_DataCenter_408,34.93163986366764,138.79417554862565,194,4.34699414840575,3880000,28740
Chennai_DataCenter_409,12.875451397648916,82.22662678042903,160,2.0762876057195845,3200000,23703
Phoenix_DataCenter_410,33.18709114038908,-113.88178204481237,115,3.4343583698018105,2300000,17037
Singapore_DataCenter_411,-0.4138555308658498,102.43470523519473,422,4.384480791485281,8440000,62518
Tokyo_DataCenter_412,36.30437506162735,141.17090300683398,434,2.4509264927098346,8680000,64296
Tokyo_DataCenter_413,36.89704032532957,138.5537018162422,393,4.482334629233416,7860000,58222
Chennai_DataCenter_414,13.618048082904776,78.39027509888633,458,2.390829309584281,9160000,67851
Phoenix_DataCenter_415,33.03697718262412,-111.69382711697814,388,4.578204894127918,7760000,57481
Mumbai_DataCenter_416,19.788344780898083,72.25353362962574,405,3.4476114809529586,8100000,60000
Tokyo_DataCenter_417,36.03298085548912,139.28898587492543,398,4.815261302252102,7960000,58962
Virginia_DataCenter_418,37.318583361843146,-79.46554526078688,249,4.930988868569545,4980000,36888
Chennai_DataCenter_419,14.398113258194355,82.13976627578673,246,2.669578243452884,4920000,36444
London_DataCenter_420,50.15183185912552,-0.22631929861424138,295,4.7153466439618565,5900000,43703
Frankfurt_DataCenter_421,51.52606387884003,8.37385892342127,426,4.223412239864665,8520000,63111
Tokyo_DataCenter_422,33.82589516976159,139.00481978710914,247,2.535136211989144,4940000,36592
Singapore_DataCenter_423,1.5151472651076228,105.65983186503838,196,4.423139491463846,3920000,29037
Tokyo_DataCenter_424,34.89021992188956,140.14339956923143,281,4.696234492403413,5620000,41629
Chennai_DataCenter_425,11.771116294609019,79.5596273329273,109,3.2194245152260055,2180000,16148
Mumbai_DataCenter_426,20.83891399955511,71.43896183565245,464,4.725778299408666,9280000,68740
Singapore_DataCenter_427,-0.4208126776716834,102.55566474459418,323,3.1993683798878108,6460000,47851
Dublin_DataCenter_428,52.10337292066625,-6.0721596635971995,134,4.299766841796892,2680000,19851
Frankfurt_DataCenter_429,48.432927421606884,10.328623399365247,141,3.3557380554253537,2820000,20888
Dublin_DataCenter_430,53.72098356106978,-5.33650988712684,386,4.664850295435826,7720000,57185
Mumbai_DataCenter_431,19.230883645684564,73.03209599187538,134,3.3100165197933755,2680000,19851
Mumbai_DataCenter_432,19.84558815108285,73.28634468823823,464,3.844853901474655,9280000,68740
Tokyo_DataCenter_433,35.37181093067339,139.61447664825872,471,3.5777248140537385,9420000,69777
Dublin_DataCenter_434,54.09804978729013,-6.371652153526739,463,3.850438236273581,9260000,68592
Dublin_DataCenter_435,55.288896506502404,-4.618782614017565,496,3.0122971917943384,9920000,73481
Virginia_DataCenter_436,40.71108278591886,-78.94228445340174,205,3.9030567906600235,4100000,30370
Dublin_DataCenter_437,54.80445500103287,-7.938081426453966,437,2.814974890566811,8740000,64740
Chennai_DataCenter_438,14.358618801373346,79.71614315488637,433,3.8718232097531065,8660000,64148
Tokyo_DataCenter_439,36.30662275059931,141.3605019896341,185,3.8389632416652875,3700000,27407
Chennai_DataCenter_440,11.45179164354809,79.51468082402259,406,2.542238575085906,8120000,60148
Singapore_DataCenter_441,2.0133379116223313,102.88448057667279,150,3.2672452077709724,3000000,22222
Mumbai_DataCenter_442,19.592926327453384,70.9235619279018,122,2.844443761265783,2440000,18074
Virginia_DataCenter_443,38.57681948964783,-76.67963002197669,249,2.0685036545742324,4980000,36888
Virginia_DataCenter_444,39.81229150563583,-77.85085277250661,122,4.384954183210974,2440000,18074
Virginia_DataCenter_445,37.148656296623074,-78.70670789052792,185,3.0646080997938454,3700000,27407
Chennai_DataCenter_446,11.920559008208443,81.78636280308275,205,4.684506975343951,4100000,30370
Frankfurt_DataCenter_447,49.771962035510484,9.89838176950203,361,3.303179604712739,7220000,53481
Frankfurt_DataCenter_448,50.026193506808596,9.236272863552676,315,4.901647956263588,6300000,46666
Virginia_DataCenter_449,38.86314580944819,-76.67876316801242,381,4.94910921619533,7620000,56444
Tokyo_DataCenter_450,35.71479501235933,137.92895496763248,127,2.974267384680569,2540000,18814
Singapore_DataCenter_451,-0.2310424160300708,105.79215980519349,98,3.793874630231609,1960000,14518
Chennai_DataCenter_452,14.617494755368728,78.81271640652677,461,3.844355888648621,9220000,68296
Singapore_DataCenter_453,1.8669686627117459,104.16430762477235,139,4.946496913732773,2780000,20592
Dublin_DataCenter_454,51.35961625442596,-5.883994628614493,439,2.7983574476648876,8780000,65037
Dublin_DataCenter_455,51.55978775765405,-7.026787303035045,190,4.630260688799716,3800000,28148
London_DataCenter_456,52.21040470231111,1.486744492463563,275,4.769553138645184,5500000,40740
London_DataCenter_457,52.894433219631836,-1.7009684661908402,339,4.943919951088926,6780000,50222
Chennai_DataCenter_458,13.684597927069577,78.471354948124,217,4.073409621406131,4340000,32148
Tokyo_DataCenter_459,36.960199309059085,138.9696268958007,67,3.7823693223956067,1340000,9925
Mumbai_DataCenter_460,20.52677165144093,74.68995201080453,346,2.3739238607547044,6920000,51259
Tokyo_DataCenter_461,36.00543850543067,141.17922517554058,168,3.736374627790457,3360000,24888
Chennai_DataCenter_462,11.25996249774569,79.77990988978351,67,2.7531738988761596,1340000,9925
Virginia_DataCenter_463,40.32744911587561,-75.7414872267775,194,4.571894757774298,3880000,28740
Virginia_DataCenter_464,38.165208177716075,-76.00269951665075,376,4.583988966528031,7520000,55703
Dublin_DataCenter_465,53.617575402710756,-7.285743784858132,93,2.5234586777643178,1860000,13777
Mumbai_DataCenter_466,17.50756504548982,72.81591608913847,311,2.396667838273772,6220000,46074
Virginia_DataCenter_467,39.33730494974702,-76.86476419546473,422,2.0236281692114746,8440000,62518
Singapore_DataCenter_468,2.9876503236491354,104.77265356735725,244,2.1293077825224254,4880000,36148
Singapore_DataCenter_469,3.0357670032164465,103.53431860141741,422,2.533934481035118,8440000,62518
Chennai_DataCenter_470,12.35790946116212,80.07935611468851,215,4.799942488707124,4300000,31851
London_DataCenter_471,50.0491652038055,-0.3512269239634208,62,2.144107867426527,1240000,9185
Virginia_DataCenter_472,39.176176907157284,-76.98009947622806,231,2.643300318137501,4620000,34222
Dublin_DataCenter_473,52.825153672802664,-7.031910821334942,370,2.1697617197818926,7400000,54814
Chennai_DataCenter_474,13.275024472513604,81.74310705932099,327,2.4901846654766233,6540000,48444
Virginia_DataCenter_475,37.15482066333438,-78.88500236158815,86,3.311913875073374,1720000,12740
Frankfurt_DataCenter_476,51.228295921502124,7.0815956718581194,177,2.489100231347451,3540000,26222
Virginia_DataCenter_477,40.47689591956676,-77.7862738373657,432,2.4304928127070036,8640000,64000
Phoenix_DataCenter_478,35.13629286537644,-111.82765352310152,190,2.35413319281506,3800000,28148
Virginia_DataCenter_479,40.27377888820222,-76.93350553267945,138,4.56822888880221,2760000,20444
Singapore_DataCenter_480,2.0088102556034424,105.59704282160578,343,3.4317690481841767,6860000,50814
London_DataCenter_481,50.60221484971544,0.9521437637148634,478,4.639071780512637,9560000,70814
London_DataCenter_482,49.59001218920471,-1.9792277657812605,191,2.6352409252719693,3820000,28296
Dublin_DataCenter_483,55.13018636330301,-6.590901991645443,53,4.558043751539349,1060000,7851
London_DataCenter_484,50.77303016264538,1.3277056843534027,429,3.6265885699893134,8580000,63555
Frankfurt_DataCenter_485,48.7901488101134,9.387304115585303,314,2.701021214350807,6280000,46518
Chennai_DataCenter_486,14.436488262912649,82.16180164759336,359,4.6753020585784775,7180000,53185
Frankfurt_DataCenter_487,49.79686388943681,9.253485409902993,108,3.0198731032079213,2160000,16000
Dublin_DataCenter_488,55.12327278556611,-6.118287648732547,372,2.3605180982895773,7440000,55111
Phoenix_DataCenter_489,35.16666837452006,-112.61719134440692,286,3.402992507451027,5720000,42370
Chennai_DataCenter_490,11.658908722110583,81.7849543437099,332,3.0617779844516884,6640000,49185
London_DataCenter_491,53.49593210497966,-0.7647837757046622,341,2.5094567967802743,6820000,50518
Singapore_DataCenter_492,-0.17545688322507091,102.31173690121415,498,4.898574142490895,9960000,73777
London_DataCenter_493,51.909469850298024,-0.5633033375830986,393,3.1606466947520433,7860000,58222
Phoenix_DataCenter_494,31.791774729762864,-113.6796912629584,310,3.8551215247521284,6200000,45925
Mumbai_DataCenter_495,20.281758823311762,71.0696202730274,315,4.022238084331874,6300000,46666
Dublin_DataCenter_496,53.57332398643432,-5.089002588185915,408,3.5768277708803695,8160000,60444
London_DataCenter_497,51.43053796138229,-0.5750775643087239,448,4.072972864570005,8960000,66370
Frankfurt_DataCenter_498,51.49990921744274,8.307717801575206,186,2.769185885787694,3720000,27555
Singapore_DataCenter_499,1.7110495839804436,103.18915028940012,445,2.1540604465042748,8900000,65925
